Pathway	O-1	O-2	O-3	O-4	O-5	O-6	O-7	O-8	C-1	C-2	C-3	C-4	C-5	C-6	C-7	C-8	PEO1_Adherent_1.tpm	PEO1_Adherent_2.tpm	PEO1_Clone10.tpm	PEO1_Clone18.tpm	PEO1_Clone4.tpm	PEO1_Clone5.tpm	AN14028320	AN14028322	AN14028316	AN14028318	AN14028328	AN14028330	AN14028324	AN14028326
HALLMARK_ADIPOGENESIS	-0.03330145534038101	-0.02698549113264051	-0.011756619095787568	0.012636016394066196	-0.05439865871572938	0.03131581924706342	-0.10220374497885998	-0.016626923446185854	-0.05113723928921718	-0.06208611755424573	-0.091450110484468	0.017658656546092694	0.07234192824307467	0.04966884566134269	0.10719669686008754	0.11929868938583782	0.04547620280142117	0.14955444605568183	-0.029208976532453967	-0.1574787921560825	-0.19049946184176847	0.11933129954973248	0.12582132996853007	-0.09778192289841237	0.09994411734361719	-0.2091989420464569	-0.10408781305759782	-0.0329299167674289	0.11792371210101654	-0.0543938496070053
HALLMARK_ALLOGRAFT_REJECTION	-0.17504757564874027	-0.189776447505978	-0.18049202850978974	-0.11380911281876682	-8.310453686311559e-4	-0.2004500696805644	-0.15109087056182735	-0.1227550769483687	0.1848187530000757	0.20543190864334965	0.25544170381996933	0.1662813265979718	0.2043578255860864	0.09623685573696233	0.09441684798564293	0.2576961509197043	-0.058272056077630696	-0.1732743420491095	0.26251972959982667	0.25486694368006474	-0.09980971985379361	0.026154189842837045	0.2237121928193217	0.1494183543666861	-0.13534375642628307	-0.2004959696968004	-0.0012955851219391967	0.18061951930452702	-0.05325710675282269	-0.05768249360134281
HALLMARK_ANDROGEN_RESPONSE	-0.3877135604538073	-0.23457592871350452	-0.22880487163134772	-0.09908426223725963	-0.24528609123013143	0.0025642947082586964	-0.013012025208773703	0.1426212256296143	0.2847498948592941	0.32087529570820245	0.32838008021707404	-0.2021812310511963	-0.09445165401986533	-0.27991901487274157	0.09517310097088916	8.349568321550094e-4	-0.012776281341416784	-0.23702105690288	0.11748358473624909	0.0924997031044161	-0.045214463889535816	0.1822461024882841	0.11354826336080298	0.3080612969891912	-0.39574136608636634	-0.07371687998881538	0.12735867227654118	-0.08886301303956284	-0.25904746502822906	0.24931321898944853
HALLMARK_ANGIOGENESIS	0.2246699977831748	0.20074568094467699	0.0875485609741099	0.11883452463438282	0.09511777828122309	0.21163523302518816	0.04542390363306509	0.06609316162825218	-0.33984112479391193	-0.2434190717542895	-0.25768198824005195	0.11918463026243722	0.009927242966591643	-0.024763027195549903	0.23047185591733088	-0.23492984556775265	0.09722849485721785	-0.2848142558953676	0.106783579362769	0.1971218697673217	0.006858794271167062	0.056457475702036686	0.03162900004965977	0.05169926730016439	0.1716501408214302	-0.2267456557188786	-0.06936031464378645	0.26099514299075927	-0.04808956644647139	-0.07581970752224362
HALLMARK_APICAL_JUNCTION	0.0774199165331117	0.045124310569936016	-0.03846712663817947	-0.05063143549996141	-0.03156833980526469	-0.08751045415681297	-0.09606826188458545	-0.17168792835186777	-0.0474620745225075	-0.08148857702328138	-0.10813342225684397	0.18584154508734732	0.13499597592244678	0.1291124719402392	0.02752277492021543	0.15712576084322766	0.17985631935536156	-0.22511783490631387	0.17431494534573633	0.1482057598521964	-0.057114239184819504	-0.15978681089218955	-0.18493270288262992	-0.29033042577012796	0.2864576652513954	0.05081775755234147	-0.14055908028341416	0.017157106071403333	0.26419431127496534	-0.11207971244605444
HALLMARK_APICAL_SURFACE	-0.007021978032362652	0.0021122853288398913	-0.06949040757575764	0.027754593401739358	-0.09149706470334262	-0.0645640879016865	-0.24362087782621616	-0.27740676255198554	0.19996821669640608	0.08500947730008901	0.01498534112786476	0.1343335256067324	0.2708969627525175	0.23819334234078082	-0.036352089268292365	-0.06988225211796362	0.3717870097423629	0.1189157867279366	0.12696656696727787	-0.07392324842554243	-0.24277285288352812	-0.3654002302715794	0.11632386379462506	0.026187010892644302	0.19428387033440936	-0.28442564573959894	-0.2936313032085086	0.027738065959843905	0.07953890117064633	0.24918319483698742
HALLMARK_APOPTOSIS	-0.23473080818663908	-0.16330749513365006	-0.15961098852243716	-0.17017325143722845	-0.12157518114723426	-0.19177025288882865	-0.2525502493846707	-0.1270421685683406	0.10866564165479609	0.10741884827330073	0.09022331562205321	0.17489860815674174	0.18499169823970246	0.06985049498839707	0.17194162174296018	0.1061230613868322	0.03910268256002675	-0.19997103154377865	0.21565398161266774	0.046511143760841145	-0.02557241751288683	0.0012735555965203427	0.13152589194154096	-0.011402304550462983	0.03424039584088795	-0.19723572243555443	0.18139530849702	0.04804464525971297	-0.13784033042027005	-0.17838578210702327
HALLMARK_BILE_ACID_METABOLISM	-0.03691424880086408	-0.06348922373897525	0.07514405511909755	0.018458848247067117	-0.0996322931389462	0.07313103591871173	-0.001024370450660117	-0.08005465280322899	-0.038595786879218386	-0.0020253436577803985	0.10921549861087193	0.1245539394702069	-0.03395719766489669	0.0861235724506979	-0.044992481826975655	0.04245289644582276	0.07458306334649256	-0.15703431263854975	-0.011567998460714435	0.018620361611094732	0.18619790573410436	-0.04521340754658898	0.1039865035691162	-0.12238517379198477	0.07803402958050726	-0.07591280109339815	-0.037795748614387475	-0.05285084592514869	0.0192568227577668	-0.022798051618816206
HALLMARK_CHOLESTEROL_HOMEOSTASIS	-0.02906487403143798	-0.027907111637899995	-0.11195412266684168	-0.13634141473684425	-0.14157008533970727	-0.10899276240356937	-0.144347345741423	-0.059405027236719116	0.014478848968033864	-0.004792676340061863	0.09332362229204894	0.1300686217976062	0.15834819478794898	0.1175812240414304	-0.08061084415727715	0.019345463321054412	0.24135432130583362	-0.29180221928605476	0.13947589932045945	-0.02204562556187928	0.15845900267226132	-0.1572750757734354	0.3259784813881488	0.12063048436631646	-0.0520895563782002	-0.3850456467640249	-0.05814280966189195	0.02426445989031581	0.08992347420721991	-0.03744821004488255
HALLMARK_COAGULATION	-0.01680629223766894	0.042938007658723465	-0.09644050213226901	-0.01766594790318826	0.005465976045970766	-0.13575271428812075	-0.17572927637800206	-0.11984445888706236	-0.0463034456740023	-0.034773277343749076	-0.028721448213268386	0.18940315312623607	0.038729476272530594	0.18466942852015628	-0.0811305724108764	0.09178217043259723	0.21461708186762485	-0.28925143304989037	0.06814187309213024	0.1141990325300467	0.09761992891395549	-0.1790874546238831	0.08394598788124585	0.026956276192617312	-0.08852982852567987	-0.1368983733691176	-0.1960954795519267	-0.05335742673664118	0.2072323512579411	0.02583264507654498
HALLMARK_COMPLEMENT	-0.1367232903849791	-0.09147322943389036	-0.13826471356837933	0.061402252620148146	-0.016359177378926865	0.02449569485469766	-0.026893825398232984	0.03593155238891904	0.10629589629852193	0.021446812414203487	0.0699933767816438	0.016578736540757366	-0.049925160848840244	0.05982482086011587	0.08490191331509994	-0.0682664499283363	0.02347168153365589	-0.19509844922868425	0.058177229912943634	0.10442522223183776	-0.007688590877340695	-0.11207109781918834	0.24674788072919568	0.11792817262764221	-0.17132176269587737	-0.28831374009331956	0.04813285011170418	-0.07811554892324668	0.03864422566597994	0.020073543225469226
HALLMARK_DNA_REPAIR	0.018306728558193153	0.04518447958918323	-0.019126182515582152	-0.1909451080923645	-0.1390507930825527	-0.19143524729811617	-0.3140071477803942	-0.20180186525679633	-0.07620018413677054	-0.1513136082875463	-0.058413969836604185	0.13784271851076876	0.23522618035987086	0.10241855488815882	0.17312323335085605	0.20712962829609372	-0.09951752426243171	0.0347299282670491	0.08643496253055616	-0.1465498530214071	0.04780941567448127	0.09976311007375241	0.0037511150741164068	-0.02194792773322593	0.08707398317954029	-0.15387544344993564	0.08206644812601585	-0.004435698184082848	0.09980159240616979	-0.15903238049696908
HALLMARK_E2F_TARGETS	-0.5401349451119858	-0.5316204110387343	-0.4879865704775428	-0.4925104677774962	-0.48294522440788223	-0.38642389703084123	-0.4034292930022798	-0.2838254301743575	0.4751245692232354	0.5047879313645404	0.4882953508317528	0.25960370803979244	0.33957346622745904	0.23686691593210712	0.525928866429482	0.3930291325546233	-0.27281832830412245	0.2888748035762934	-0.1571337704695046	0.02809798227888627	-0.25933181501694824	0.30798509471383295	0.18428888481277866	0.24753653508637863	-0.3487071757884244	-0.02317018947979399	0.35047715743033436	0.20956129155496767	-0.3989228550346316	-0.1385634303104069
HALLMARK_EPITHELIAL_MESENCHYMAL_TRANSITION	0.05589847649503715	0.06133456147351696	0.014794922518831966	0.032577387262241075	0.0025780817825563074	0.011049701239812082	0.03862783387914731	0.01994673143968212	-0.1468266016686675	-0.166088339876371	-0.12801065999358904	0.05298783715316063	0.08482419542189573	0.008898510293937678	-0.10308712395897934	0.017621046478900892	0.20900809103704818	-0.2690428897278618	-0.15976230665127372	0.15420091780686657	0.2925711798659074	-0.18912856266372144	0.02711469072026712	0.022374041870726835	0.1029361175367049	-0.1337510718562647	-0.0577679868489826	0.033963889998160024	0.06312936156227861	-0.06672810666555368
HALLMARK_ESTROGEN_RESPONSE_EARLY	-0.12946267515764776	-0.1743176088778079	-0.24991233216060382	-0.21239439119316922	-0.21296263660542059	-0.22542319530526383	-0.27179258923009675	-0.27979320095379545	0.13045310464300952	0.12811566416778647	0.18552227737946186	0.2542254862374359	0.29154142044860365	0.2445713326785668	0.17601368230541775	0.1456714950414016	0.3219015240188153	0.1346143971662377	-4.899923567814601e-4	-0.28936096125902183	-0.09248583121483905	-0.2005605527260207	0.1334576841970616	-0.12084211071544848	0.1487361123428927	-0.19398713614866414	-0.032804551420424544	0.05476309288208056	0.040459244929303084	-0.13159635480658322
HALLMARK_ESTROGEN_RESPONSE_LATE	-0.13374316422021457	-0.1915612445838157	-0.2634434769955895	-0.29498361332299694	-0.28507047106981087	-0.22722253535664216	-0.2639519077854223	-0.2378058419724867	0.11272615680247333	0.1086795722643607	0.1310490345568614	0.2953412027363556	0.2691384343391113	0.26569877973031597	0.22207659605894348	0.1923192600856763	0.2814240404377526	0.12064331880591694	-0.01570303892440908	-0.27398272473737817	-0.08049619171626793	-0.12683223885629008	0.05616990602913635	-0.08348363023539612	0.09224714885961868	-0.10841713032404923	0.0020872212454616235	0.027446530160815025	0.0485895031251683	-0.15922375747263223
HALLMARK_FATTY_ACID_METABOLISM	-0.18607372389777063	-0.14258243705545884	-0.015084784125846379	-0.13392474094395027	-0.2162236816348036	-0.061264673572483844	-0.23486170551007832	-0.14182739313521142	0.05484255408701427	0.09039986004372352	0.08825314726059769	0.07469556573342939	0.09182359732273515	0.14186008546650672	0.21811990191585034	0.22064905471819662	-0.08677890638126545	-0.045350215481544554	-0.1530119162564017	0.18192463887889515	-0.06049948522632609	0.11526724094398794	0.14764731885209742	0.016516398582894165	-0.23935063306134757	-0.05670628835138111	-0.22524797644436426	-0.21227227656696485	0.14719661139036921	0.18529871881018622
HALLMARK_G2M_CHECKPOINT	-0.4464558431011726	-0.4350592161106125	-0.3730825857505659	-0.3137816316460294	-0.33749099526560056	-0.13605234635748326	-0.10411575435210049	-0.14178666394261033	0.380240156311544	0.40170114256910294	0.38780082619528977	-0.054361064163055695	0.11306791461653154	0.05074861372682088	0.36249984258969825	0.15802769673640954	-0.26532772720683984	0.30245092488306247	-0.2555670705618398	0.11333315713892861	-0.20690450207675065	0.2773825355200558	0.10771337937863584	0.3235380102478931	-0.29962298170617274	-0.10659118796748021	0.371548655776831	0.3123248095742377	-0.425920416261452	-0.2127243553041562
HALLMARK_GLYCOLYSIS	0.02780153512210712	0.017373326008746748	0.007151492562408213	-0.14629393519449946	-0.1408646907312443	-0.21583321197124894	-0.19295898118818733	-0.10955261321550896	-0.0881536868884146	-0.04299675439763298	-0.05338884521899323	0.0880111075245405	0.12742243176598078	0.10458988028441352	0.1746218433049639	0.02787260644460665	0.0638222215504472	0.19242648221204245	0.1025378918123972	-0.05411003713302823	-0.22712621572848182	-0.11535348179488394	0.1332980940902534	-0.04141487919294845	-0.005284312180829753	-0.0974572836833691	0.08597553356653531	-0.01139009825204873	-0.05287514605227339	-0.028024472189776606
HALLMARK_HEDGEHOG_SIGNALING	0.29925599291815214	0.3180058315019358	0.3458393644098866	0.11747380513365901	0.02029106750048637	-0.026868980815804355	0.26374141051098887	0.09383899362400472	-0.3872508995366981	-0.17482577872849248	-0.24856286495936125	0.051563385992880545	0.03360251696287578	-0.05769324750945248	-0.17665646648114708	-0.4025423982492578	0.05983828964834359	-0.1577834731815575	-4.3507502010703414e-4	0.2538053349614779	-0.01022233271482964	0.06269576204953792	-0.04391935243759024	-0.2881189066196906	0.20939530073928508	0.08446020137568655	-0.35875101754233596	-0.05915012146214618	0.32466878048703385	-0.002051002900914728
HALLMARK_HEME_METABOLISM	-0.01349282718902256	0.05933088246866619	0.10538296850330742	0.03517133216300827	0.0056614211219253585	0.14256601523950377	0.05329051527388029	0.051927532649613695	-0.0578780972319583	-0.026615981702341307	-0.091387887258727707	-0.1115191968821897	-0.08063528497136935	-0.13557848339883571	-0.07100393141177205	-0.07108848708490295	-0.029040622974918717	-0.16072936010713074	0.19421898606675714	0.06295336858921863	0.08081082143252877	-0.05334921019453798	0.05380958046848622	-0.07203254590915181	-0.03531344943460912	-0.049594790488778434	-0.02393470339072043	-0.0563281668661999	0.026910317018724317	-0.02851318459632221
HALLMARK_HYPOXIA	0.14814663911449055	0.09667747896182505	0.06973774456392212	-0.023602430906366267	0.0199621752155259	-0.10806465737018933	-0.10568250447444305	-0.05791762497513747	-0.16870616240624098	-0.2389102032636658	-0.14980734659301043	0.108981496651548	0.1555639936283349	0.15733070014408074	0.008186459916716682	0.02512069620605606	0.20495396335871047	-0.10624078088307826	0.24307131363376105	-0.12000658399261	-0.015810824317703254	-0.17200262319540818	-0.06519857416467414	-0.03195651160774496	0.029435536755002656	-0.005884368909605198	0.07531747129825872	0.04997193085966162	-0.04553156277621653	-0.13592104407716343
HALLMARK_IL2_STAT5_SIGNALING	0.07418794537916645	0.1765900594265109	0.036239974674705355	0.1116618621311628	0.1501449136183614	0.10045849527736678	0.0435920413617919	-0.05749583331479252	-0.1126173141581426	-0.1385320274573767	-0.12428503256213039	-0.031980774217446495	-0.13116873012779445	-0.05356721448622642	-0.06531166439773473	-0.06479857597742023	0.26961811182598117	-0.1962616152243741	0.09336275557040696	0.05692993797619991	-0.12901408177109286	-0.11148060813412597	0.2440079458494816	-0.015021383217845463	0.035342711312497	-0.30914232560884475	0.09654014609712563	-0.004340208728421169	0.0134847092385591	-0.13688979030976442
HALLMARK_IL6_JAK_STAT3_SIGNALING	-0.11215325740145718	-0.13405878512711764	-0.12051118595193697	0.12190033353311214	0.025693050755929536	-0.12736197370694938	0.01942712814714387	-0.10023373250524964	-0.018117263915083115	0.01397322829953887	0.09876584374407524	0.24228595886273274	0.11694011037306609	-0.014865289050729258	0.01715547378122889	0.03256459733900302	0.0849897747241922	-0.1789245507554872	0.3455968098538631	-0.023449670783305093	0.06326846095574667	-0.20110905582677258	0.2897261389217137	0.05327086021408062	0.002698492635060279	-0.3278156149311972	0.02402487404579212	-0.03499330541770734	0.10884419030540499	-0.03031721304485735
HALLMARK_INFLAMMATORY_RESPONSE	-0.18130692792775127	-0.20349529234895236	-0.17036405728222548	-0.049976744416122224	-0.05460210773060703	-0.23066288036952	-0.09016192425719399	-0.02241276794708344	0.12153279657883015	0.060224762084888694	0.19938829581896067	0.1776605791938723	0.09936468387685554	0.11386339652672178	0.1018762746688247	0.05818420499036586	-0.0016825650801435554	-0.1598458866234408	0.1480608500623421	0.11808211808681407	-0.03015144140015033	-0.046213353125678786	0.2582292724827591	0.088414549160448	-0.0755148223956649	-0.2430061719219733	0.12899276334187104	0.05736080870915933	-0.02965177492279364	-0.11985348997118023
HALLMARK_INTERFERON_ALPHA_RESPONSE	-0.2540958831991519	-0.3417084964655739	-0.3080391162589329	-0.2907618692096431	-0.3267193963747316	-0.2933502028728586	-0.3129164320504089	-0.23999674049372477	0.21758975139516312	0.1990760798524221	0.1221002843023827	0.3012281894653666	0.29653372554152757	0.2259253069017237	0.23185236635890472	0.32733625815244394	0.07103010354955158	-0.33007518298324495	0.4817516896327227	0.1753008940697649	-0.055423044374642905	-0.27935588002663037	0.47236074759612406	0.19846139197094959	-0.1889328435964011	-0.4742374629225181	-0.30923256004120875	0.0014025396376677879	0.20817062116274918	0.09208834008493466
HALLMARK_INTERFERON_GAMMA_RESPONSE	-0.31000498919883995	-0.34654869216144785	-0.3074711295462272	-0.2376924983159544	-0.3188084440494018	-0.27949691294945267	-0.2426318452826457	-0.17929939833702546	0.2831039239692557	0.28898650332511194	0.2823004409323825	0.24059269113669213	0.26348358759976365	0.27672486333435004	0.25440362599533767	0.27435571242743034	-0.08589594810707257	-0.24113703759871216	0.45610706670077467	0.20191225031018523	-0.12835585215457823	-0.18256519523589881	0.3217434089369922	0.2932837402779483	-0.16024872749659072	-0.369539057651229	-0.17725348215099895	-0.14459893753367792	0.2002597323521354	0.09932577397937836
HALLMARK_KRAS_SIGNALING_DN	-0.024504387743101708	0.023672990979140607	-0.05712977407410508	-0.016339496464035652	-0.001901762855530953	-0.11288126294827719	-0.14232825516187075	-0.16836168361503934	-0.053460598729517084	-0.1282495681174955	-0.07534985255067422	0.2692940080066626	0.21726477537713984	0.1468094389060871	0.16808567696920412	0.10867307769909379	0.3354681808982438	-0.1170898218328899	0.04411813600158593	-0.02030285096238066	0.02780160256891434	-0.2064020233137476	0.01881421714694509	-0.09270816100020447	0.1223109806906541	-0.04585851938024743	-0.07805192477931427	0.0502132290156343	0.16056147554019817	-0.08553811649315965
HALLMARK_KRAS_SIGNALING_UP	-0.09110857354784241	-0.06831104431578477	-0.11993320381721378	-0.008977014072587552	-0.06197271830187251	-0.026573297130506768	-0.012318951865569139	0.028014491410148945	0.11436212092759396	0.18391997723320752	0.12640840079167637	-0.06709522790151745	-0.02740282166109531	-0.08102561785094906	0.12639492450374692	0.02879067888981396	0.10387461520041283	0.009023352559685477	0.05546922028412654	0.02667368516640012	0.03416205922446969	-0.14454339894132287	-0.03706218024613883	0.153907788679224	-0.15585980181072123	-0.11314700461112412	0.04454536260182257	0.015670864815282348	-0.03047638679152076	0.037787094918996456
HALLMARK_MITOTIC_SPINDLE	-0.3068397404901245	-0.2574109200665531	-0.3306201624903073	-0.1262860874058128	-0.2444396332397948	-0.22479293184533472	-0.07939845323687883	-0.10043221880500108	0.3266509080809086	0.34177255573389653	0.325880177097594	-0.04163717067524719	-0.02983358427159777	-0.049969916662388036	0.2236813355450542	-0.028178634636072508	-0.08925364836243418	-0.21650399643785762	0.15837280329048078	0.2551092013697203	0.011702806026063467	0.059944164462021776	0.06678410260342882	9.264587452728623e-4	-0.15539833765357497	0.03646132759218579	0.25186464856890667	0.02846021002531285	-0.18671978015115934	-0.14491265086352864
HALLMARK_MTORC1_SIGNALING	-0.2168383676779113	-0.24095241299512485	-0.19152759806836556	0.009141244917265645	-0.1657117976163418	-0.055795278585694386	-0.03279075859947883	0.07209046053616092	0.07005051385993752	0.11784258277092258	0.09917084826741557	-0.0837685091073142	-0.011077726620932649	-0.1479083020733849	0.18486104999917735	0.009936660491574545	-0.12307154390204178	0.19346738865262952	0.13957649526344246	-0.04361963370617361	-0.21086596818228248	0.07400434946153173	0.29019706515898425	0.23134709571405665	-0.3539183539703901	-0.232144099152633	0.1995023406266792	0.034426795210753314	-0.2530258116610875	-0.05211548050789955
HALLMARK_MYC_TARGETS_V1	-0.401280312869961	-0.4124442555571148	-0.2501709338190005	-0.25310125579336173	-0.33450425166938286	-0.2787345118983291	-0.33691188289002477	-0.002849237494556317	0.25776400398414506	0.3611668238543138	0.36553554275990024	0.01764351713947182	0.12603202329458696	-0.07619770651991375	0.4095777322794138	0.2477727554278138	-0.4109183693510967	0.44889712811708676	-0.3276148425260294	-0.030092753521947735	-0.3323000867681414	0.423916487383941	0.13799436594437503	0.21019892313777622	-0.38620895801893645	0.09043248736980977	0.27113165319316884	-0.04502673764536225	-0.318459627231577	0.06903872885957343
HALLMARK_MYC_TARGETS_V2	-0.14202490140234691	-0.22534691899345052	-0.22247988143836922	-0.43572982647303965	-0.45337408348232205	-0.3265136590004104	-0.3757376420252979	-0.4659070150475045	-1.537726174878351e-4	0.04893927675625309	0.13688262063582968	0.44965087537772364	0.40518144997708216	0.3432640370639056	0.3759866212989344	0.3860369562446487	-0.5178365370533826	0.5461499137403947	-0.3722552394266986	-0.0226840088644282	-0.40876650900675715	0.58129613821806	0.02687479383829383	-0.22998904029854406	0.13379515314805995	-0.0737315828163635	0.25574690189873256	0.45701099939849144	-0.010846673222463576	-0.5222925083027977
HALLMARK_MYOGENESIS	0.2953680861504864	0.23392588561972927	0.21469851179992783	-0.010612761436561868	0.17235888455848425	0.05113117319662469	-0.13209143168302323	-0.13165174180614964	-0.28134039586330006	-0.26856474832316923	-0.3111085000791528	0.20196905374945595	0.13513164452564275	0.1569088182230412	-0.054627622348792926	-0.044068198398430763	0.23969050954117543	-0.2517008161779587	0.17775793892919844	0.04141916347535218	0.025381328383157375	-0.29194449031535263	0.0018404246744941066	-0.09511860656417669	0.25747228100449165	-0.13389902061597164	-0.1883488304728984	0.14449239790686466	0.24905778405260015	-0.14160932557295458
HALLMARK_NOTCH_SIGNALING	0.06884531035652403	0.24705528939823834	0.07396114946695342	-0.07484244371147769	-0.07482981477277595	-0.06505961247225728	-0.14918641229565802	-0.29223374157560505	-0.23067649060028877	-0.10954854493898353	-0.18028664591253124	0.24803995430212766	0.292031578249191	0.021336781723003406	-0.21946821085263385	0.148314342096308	0.31993002688137967	0.08749297936136158	-0.3015577902720889	-0.07961202503777942	-0.021576928196516326	-0.2290095876100517	0.02225698593016981	-0.07539222458827072	0.2877854388072579	-0.2709358468339267	-0.20299329790593507	0.12350523726086643	0.0965890711701472	-0.047546622677644146
HALLMARK_OXIDATIVE_PHOSPHORYLATION	0.06681465995507377	-0.1195226147862497	0.12457475478306967	0.08958234766587325	0.015345304050781161	0.02446786867307818	-0.2737661708068891	0.033986345762582665	-0.16237041568855415	-0.1605324167264009	-0.13180833634068737	-0.0968665966353062	0.03890725804124609	0.015049508818140572	0.08353440749799412	0.21355960537441687	-0.14459148590001947	0.28956261838971387	-0.2091484912901268	-0.060368513282724745	-0.1862832990784457	0.14680187611390358	0.013879323346042305	-0.2582910598819672	-0.0384317536019069	0.19236937014534372	-0.21868377435583256	-0.3353687593639005	0.24705800029651892	0.1611437698900272
HALLMARK_P53_PATHWAY	-0.26356762538215095	-0.22187381859479444	-0.24406202956344641	-0.3285605882180319	-0.2704281056077078	-0.26536510754136916	-0.39299701278451277	-0.37688938104674513	0.08103858624347954	0.043082833802988385	0.0657438438300525	0.3744380817447206	0.35212416036540556	0.36278236758414373	0.3221914382968522	0.3953740024850792	0.0781667541418874	-0.11215054245876988	0.0977025326540863	-0.028262968931143106	0.06691001470423297	-0.12141346085188753	0.025524791471122465	-0.09218906101541358	0.15777994695184577	-0.1640577029194344	0.015299021134410395	0.22127087940198004	-0.0595936899107809	-0.2590175427130753
HALLMARK_PANCREAS_BETA_CELLS	-0.058079922477841106	-0.2649832759426782	-0.2974661084655797	0.24835698562845432	0.26457697258887203	0.17922077055302377	0.30288088066113955	0.36233272518221843	-5.282276673106157e-4	0.17344716708055985	-0.04444838537182552	-0.001475689517255685	-0.16002644500485252	-0.1753876582986228	-0.1260160134723832	-0.08475523723844344	-0.18742691540291123	0.16465850933042794	-0.18925609421380804	-0.12920770025237796	0.2751362191483262	-0.043979754360534196	-0.11246728322235036	0.3118913675423227	-0.06291797077427079	0.013845295978152927	-0.0276817994831301	0.07882000963469049	-0.1426381479390911	0.09358422874920191
HALLMARK_PEROXISOME	0.06053672483926223	-0.12634657795023152	0.045078862870266634	-0.1100892468077447	-0.04756050970025966	0.02884090276045237	-0.07480291593016589	0.017425130619124346	-0.03240342515509137	-0.05750999807079557	0.01585038700042188	0.06112864109649774	-0.10067829848971732	0.09345905972407736	0.11421061335422594	-0.012031270769263303	0.02751205359400344	-0.12314871961095142	0.07483651449964496	0.02518076383607165	-0.06896937333465636	0.09020793200601987	0.09764975586627592	-0.048855591233076756	-0.05497418060805853	-0.041983520440271954	0.02807857331397559	-0.11349381742187542	-0.06931173141230193	0.053865782247874056
HALLMARK_PI3K_AKT_MTOR_SIGNALING	-0.09983692770421529	-0.127225589825875	-0.1824040231882569	-0.12604618957670785	-0.13493247589254453	-0.07662353368146463	0.0368509238234393	0.0015512172870117968	0.11444631318049048	0.10950619667901418	0.15241986112452421	-0.05250072757796315	-0.0019567372856807708	-0.1476616190812476	0.07612877619235575	0.04024286286444373	-0.3444989561905154	0.00930969688843214	0.24482429483738777	0.012044169807362615	0.041260922581365156	0.12494377192539183	0.10594136589372477	0.010737956304719992	-0.061834706958356356	-0.09907625871134229	0.05425302586372671	0.005411904587300731	-0.07713482905987801	-0.02491559398543991
HALLMARK_PROTEIN_SECRETION	-0.3091162820586463	-0.25812157124507684	-0.1058316638007833	0.24819140755047042	-0.1659464095329395	0.08309642950783724	0.3077726300115683	0.46102012095906897	0.35339955976911425	0.34965517592241513	0.24390645143170786	-0.5122133955492765	-0.39967601820104	-0.4724938874643138	0.04274249058074503	-0.2625944233146431	0.0648718866085545	-0.050028375161346894	0.06662388799001484	-0.005808129499990766	-0.012333202907521684	-0.09508916667981712	0.23255260713256953	0.2876372941614696	-0.42384876972321073	0.01733291345080823	0.3323515477737396	-0.22916302397139654	-0.4015020379795099	0.2882651663289458
HALLMARK_REACTIVE_OXYGEN_SPECIES_PATHWAY	-0.16383170943611047	-0.1805954656979052	-0.051138291344920955	-0.1349085909171312	-0.3462321589800571	-0.20578665353306475	-0.37496007154139627	-0.20647417174100083	-0.1032397209631927	0.017603966098885704	0.04116541283484079	0.17617780652933995	0.3438498385538083	0.2618591646482778	0.2358215434108144	0.3762951200982312	0.09762120842779598	0.1533444856428985	-0.06629792744195231	-0.2335026533513503	-0.04858542701603302	-0.062049520672736114	0.07372628041039568	-0.18399834105390528	0.08122973958121901	-0.13381207099088052	-0.07633972638540965	0.15805499241970478	0.03530064173099143	-0.17393434609995373
HALLMARK_SPERMATOGENESIS	-0.19768262188148011	-0.12605999220442676	-0.1923125613729479	0.0029917183642860223	-0.21784812032969508	-0.04835851356671869	0.10134018604708472	0.17719208063137745	0.14830441602452415	0.14837819213226938	0.2119471337787011	-0.10634069299776255	0.017256410453183546	-0.06555744487675952	0.2996917364075433	-0.176416131652823	-0.06364534555083842	0.11239625964985922	-0.0539313679226395	-0.02060330227525639	0.010382819371066554	-8.159222963775026e-4	0.2603698167494421	0.16431610595314539	-0.25463522399391614	-0.08096133244825876	0.15339477368913296	0.02070467909897017	-0.23040064009076042	0.07837565022555376
HALLMARK_TGF_BETA_SIGNALING	0.1277046435576673	0.11426277322386477	0.037690603514559495	0.1272308176601712	0.1043800183838956	0.06332571037580187	0.1144420773564857	0.17876658243576454	0.024855627359176236	-0.08754066389223575	-0.10365755553416134	-0.26678553446425024	-0.26181825410467285	-0.1727847276321842	-0.17487450588573258	-0.30176163468436473	0.08171056376529151	-0.32315742894703126	-0.03322955189202059	0.0068604366432607755	-0.006186036392016814	0.16244966337296152	-0.14440251396670578	0.010021152891702245	-0.1274301426674485	0.2426538676009477	0.017505772961230903	0.10570245256985528	-0.21096519761153787	0.016442916522498574
HALLMARK_TNFA_SIGNALING_VIA_NFKB	-0.20493086424925877	-0.14318699444371719	-0.28021939924641814	-0.1430680405403883	-0.21237302429096291	-0.17331772615951213	-0.188650810858664	-0.2574130635876014	0.06846470199320448	0.07472745908160627	0.11649689595025836	0.2768589801480001	0.2593048795779179	0.23373519683937136	0.13052277221562758	0.22185120491219873	0.0714219381216222	-0.2836185581540498	0.1673757390206494	0.076795426901407	0.07330648959138908	-0.0109487527483772	0.2165296157661588	0.07911804996110428	0.04492013979126308	-0.36498723166262265	0.27213325434088026	0.23261679803727098	-0.24589933064784042	-0.2716967193727564
HALLMARK_UNFOLDED_PROTEIN_RESPONSE	0.01069353043668475	0.07528999993506874	0.15188357324693996	0.07224646849651123	0.13562222181679456	0.12854418237747278	0.058325272402974415	0.12157485995980521	-0.17267898369103846	-0.09724276200076365	-0.176832871149793	-0.1901774456392249	-0.07742385596114423	-0.16111041830348966	-0.12279573192297283	-0.12744747752043128	-0.3076684846990692	0.30415704525165477	-0.018648986123602884	-0.1047862423129663	-0.06261655123071218	0.004279879577326395	0.09086234178374941	0.11509355690934048	-0.12259197910696351	-0.11705236418320222	0.22293318078844937	0.008591146802769456	-0.1053249997655443	-0.11828744629103109
HALLMARK_UV_RESPONSE_DN	-0.15259658050286184	-0.06889144521411261	-0.10066970888560306	0.04699565564292518	0.05780155036693191	0.07711396646640484	0.16589727072532706	0.18099751032011757	0.0921803598758705	0.05727152459253382	0.13950651732566777	-0.21707634887757782	-0.204112393854264	-0.15407329209403547	-0.04990167421776509	-0.2375904939227455	0.09950147398736542	-0.31784186498191414	0.03104858564169294	0.13271696819972695	0.16717183151527226	0.01711401218574249	0.12124310993530346	0.13436130534622193	-0.27912957079270184	0.010664612644278232	0.20499071814045022	-0.07345109535572741	-0.2688428725695203	0.0925179088328762
HALLMARK_UV_RESPONSE_UP	0.020551166116774544	-0.01843660777965725	0.006712141045366882	-0.16052787967369345	-0.027299524112435247	-0.10635295086155783	-0.16072843012542942	-0.1961577221140346	-0.13173179004000168	-0.1776035440870633	-0.10233549856301599	0.25326681026966874	0.21391645463021475	0.19365345991663552	0.11933903683647035	0.24475071901792156	-0.026070999082931923	-0.03473013737535585	0.03190670893019301	-0.00743103500681816	-0.18699958681105056	0.23947194668000082	-0.004683226390016615	-0.10767523082107677	0.12660969034895986	-0.11172347659589163	-0.06609065926133509	0.09454636278753059	0.170683210204513	-0.1865953892409537
HALLMARK_WNT_BETA_CATENIN_SIGNALING	0.3222665520711038	0.31410820100268466	0.12352747367855987	0.16455553691526975	0.09203975937307654	0.14722018867755216	-0.11821403684401094	-0.10211659875420369	-0.389753649470827	-0.30338917830507056	-0.3387556357595626	0.16506770413786276	0.00820860288760622	0.09347579064041273	-0.16142666755024182	-0.22121103623283178	0.029061277059101276	0.07398488598578312	0.09098724320736418	-0.23161197107739195	0.10998248194259838	-0.09799054656293948	-0.20741391706335316	-0.19644431521666533	0.3353870331194637	0.10329195467581825	-0.08598639087664284	-0.04367247562242771	-0.008863334095076503	0.12378607774733164
HALLMARK_XENOBIOTIC_METABOLISM	-0.06846210585509205	0.014611424426178382	0.07425759014943167	-0.06965435452629906	-0.16161625714643918	-0.11847489781488263	-0.1851388312816381	-0.11350025810835856	-0.023974947681919268	-0.0425670741240472	0.045636636664933505	0.11118960738403205	0.17506546698851921	0.15079372675745767	0.07125478556274578	0.15474353108402938	0.026982044331909205	-0.07230821916902258	0.010604370451763101	0.0057055568995459105	0.04283737688901862	-0.05988985052025042	0.19996314050701092	-0.01644001530485989	0.059646957325706795	-0.1957146131288569	-0.10492583041343467	-0.0014389649195026277	0.17550375004332547	-0.07908638148981995
